{
	"partitions" : [
		{
			"name" : "Top",
			"pins" : [
				{
					"name" : "LEDS[0]",
					"strict" : false
				},
				{
					"name" : "LEDS[1]",
					"strict" : false
				},
				{
					"name" : "LEDS[2]",
					"strict" : false
				},
				{
					"name" : "LEDS[3]",
					"strict" : false
				},
				{
					"name" : "LEDS[4]",
					"strict" : false
				},
				{
					"name" : "LEDS[5]",
					"strict" : false
				},
				{
					"name" : "LEDS[6]",
					"strict" : false
				},
				{
					"name" : "LEDS[7]",
					"strict" : false
				},
				{
					"name" : "LEDS[8]",
					"strict" : false
				},
				{
					"name" : "LEDS[9]",
					"strict" : false
				},
				{
					"name" : "HEX_UNIDADES[0]",
					"strict" : false
				},
				{
					"name" : "HEX_UNIDADES[1]",
					"strict" : false
				},
				{
					"name" : "HEX_UNIDADES[2]",
					"strict" : false
				},
				{
					"name" : "HEX_UNIDADES[3]",
					"strict" : false
				},
				{
					"name" : "HEX_UNIDADES[4]",
					"strict" : false
				},
				{
					"name" : "HEX_UNIDADES[5]",
					"strict" : false
				},
				{
					"name" : "HEX_UNIDADES[6]",
					"strict" : false
				},
				{
					"name" : "HEX_DECENAS[0]",
					"strict" : false
				},
				{
					"name" : "HEX_DECENAS[1]",
					"strict" : false
				},
				{
					"name" : "HEX_DECENAS[2]",
					"strict" : false
				},
				{
					"name" : "HEX_DECENAS[3]",
					"strict" : false
				},
				{
					"name" : "HEX_DECENAS[4]",
					"strict" : false
				},
				{
					"name" : "HEX_DECENAS[5]",
					"strict" : false
				},
				{
					"name" : "HEX_DECENAS[6]",
					"strict" : false
				},
				{
					"name" : "HEX_CENTENAS[0]",
					"strict" : false
				},
				{
					"name" : "HEX_CENTENAS[1]",
					"strict" : false
				},
				{
					"name" : "HEX_CENTENAS[2]",
					"strict" : false
				},
				{
					"name" : "HEX_CENTENAS[3]",
					"strict" : false
				},
				{
					"name" : "HEX_CENTENAS[4]",
					"strict" : false
				},
				{
					"name" : "HEX_CENTENAS[5]",
					"strict" : false
				},
				{
					"name" : "HEX_CENTENAS[6]",
					"strict" : false
				},
				{
					"name" : "HEX_MILES[1]",
					"strict" : false
				},
				{
					"name" : "HEX_MILES[2]",
					"strict" : false
				},
				{
					"name" : "HEX_MILES[3]",
					"strict" : false
				},
				{
					"name" : "HEX_MILES[6]",
					"strict" : false
				},
				{
					"name" : "SWITCHES[0]",
					"strict" : false
				},
				{
					"name" : "SWITCHES[1]",
					"strict" : false
				},
				{
					"name" : "SWITCHES[2]",
					"strict" : false
				},
				{
					"name" : "SWITCHES[3]",
					"strict" : false
				},
				{
					"name" : "SWITCHES[4]",
					"strict" : false
				},
				{
					"name" : "SWITCHES[5]",
					"strict" : false
				},
				{
					"name" : "SWITCHES[6]",
					"strict" : false
				},
				{
					"name" : "SWITCHES[7]",
					"strict" : false
				},
				{
					"name" : "SWITCHES[8]",
					"strict" : false
				},
				{
					"name" : "SWITCHES[9]",
					"strict" : false
				},
				{
					"name" : "BUTTON",
					"strict" : false
				}
			]
		}
	]
}