<?xml version="1.0" encoding="UTF-8"?>
<EnsembleReport name="vga_pll" kind="vga_pll" version="1.0" fabric="QSYS">
 <!-- Format version 24.1 1077 (Future versions may contain additional information.) -->
 <!-- 2025.10.31.06:45:23 -->
 <!-- A collection of modules and connections -->
 <parameter name="AUTO_GENERATION_ID">
  <type>java.lang.Integer</type>
  <value>1761911123</value>
  <derived>false</derived>
  <enabled>true</enabled>
  <visible>false</visible>
  <valid>true</valid>
  <sysinfo_type>GENERATION_ID</sysinfo_type>
 </parameter>
 <parameter name="AUTO_UNIQUE_ID">
  <type>java.lang.String</type>
  <value></value>
  <derived>false</derived>
  <enabled>true</enabled>
  <visible>false</visible>
  <valid>true</valid>
  <sysinfo_type>UNIQUE_ID</sysinfo_type>
 </parameter>
 <parameter name="AUTO_DEVICE_FAMILY">
  <type>java.lang.String</type>
  <value>CYCLONEV</value>
  <derived>false</derived>
  <enabled>true</enabled>
  <visible>false</visible>
  <valid>true</valid>
  <sysinfo_type>DEVICE_FAMILY</sysinfo_type>
 </parameter>
 <parameter name="AUTO_DEVICE">
  <type>java.lang.String</type>
  <value>5CSEMA5F31C6</value>
  <derived>false</derived>
  <enabled>true</enabled>
  <visible>false</visible>
  <valid>true</valid>
  <sysinfo_type>DEVICE</sysinfo_type>
 </parameter>
 <parameter name="AUTO_DEVICE_SPEEDGRADE">
  <type>java.lang.String</type>
  <value>6</value>
  <derived>false</derived>
  <enabled>true</enabled>
  <visible>false</visible>
  <valid>true</valid>
  <sysinfo_type>DEVICE_SPEEDGRADE</sysinfo_type>
 </parameter>
 <parameter name="AUTO_CLK_CLOCK_RATE">
  <type>java.lang.Long</type>
  <value>-1</value>
  <derived>false</derived>
  <enabled>true</enabled>
  <visible>false</visible>
  <valid>true</valid>
  <sysinfo_type>CLOCK_RATE</sysinfo_type>
  <sysinfo_arg>clk</sysinfo_arg>
 </parameter>
 <parameter name="AUTO_CLK_CLOCK_DOMAIN">
  <type>java.lang.Integer</type>
  <value>-1</value>
  <derived>false</derived>
  <enabled>true</enabled>
  <visible>false</visible>
  <valid>true</valid>
  <sysinfo_type>CLOCK_DOMAIN</sysinfo_type>
  <sysinfo_arg>clk</sysinfo_arg>
 </parameter>
 <parameter name="AUTO_CLK_RESET_DOMAIN">
  <type>java.lang.Integer</type>
  <value>-1</value>
  <derived>false</derived>
  <enabled>true</enabled>
  <visible>false</visible>
  <valid>true</valid>
  <sysinfo_type>RESET_DOMAIN</sysinfo_type>
  <sysinfo_arg>clk</sysinfo_arg>
 </parameter>
 <parameter name="AUTO_VIDEO_PLL_0_REF_CLK_CLOCK_RATE">
  <type>java.lang.Long</type>
  <value>-1</value>
  <derived>false</derived>
  <enabled>true</enabled>
  <visible>false</visible>
  <valid>true</valid>
  <sysinfo_type>CLOCK_RATE</sysinfo_type>
  <sysinfo_arg>video_pll_0_ref_clk</sysinfo_arg>
 </parameter>
 <parameter name="AUTO_VIDEO_PLL_0_REF_CLK_CLOCK_DOMAIN">
  <type>java.lang.Integer</type>
  <value>-1</value>
  <derived>false</derived>
  <enabled>true</enabled>
  <visible>false</visible>
  <valid>true</valid>
  <sysinfo_type>CLOCK_DOMAIN</sysinfo_type>
  <sysinfo_arg>video_pll_0_ref_clk</sysinfo_arg>
 </parameter>
 <parameter name="AUTO_VIDEO_PLL_0_REF_CLK_RESET_DOMAIN">
  <type>java.lang.Integer</type>
  <value>-1</value>
  <derived>false</derived>
  <enabled>true</enabled>
  <visible>false</visible>
  <valid>true</valid>
  <sysinfo_type>RESET_DOMAIN</sysinfo_type>
  <sysinfo_arg>video_pll_0_ref_clk</sysinfo_arg>
 </parameter>
 <parameter name="deviceFamily">
  <type>java.lang.String</type>
  <value>Cyclone V</value>
  <derived>false</derived>
  <enabled>true</enabled>
  <visible>false</visible>
  <valid>true</valid>
  <sysinfo_type>DEVICE_FAMILY</sysinfo_type>
 </parameter>
 <parameter name="generateLegacySim">
  <type>boolean</type>
  <value>false</value>
  <derived>false</derived>
  <enabled>true</enabled>
  <visible>true</visible>
  <valid>true</valid>
 </parameter>
 <module name="clk_0" kind="clock_source" version="24.1" path="clk_0">
  <!-- Describes a single module. Module parameters are
the requested settings for a module instance. -->
  <parameter name="clockFrequency">
   <type>long</type>
   <value>50000000</value>
   <derived>false</derived>
   <enabled>true</enabled>
   <visible>true</visible>
   <valid>true</valid>
  </parameter>
  <parameter name="clockFrequencyKnown">
   <type>boolean</type>
   <value>true</value>
   <derived>false</derived>
   <enabled>true</enabled>
   <visible>true</visible>
   <valid>true</valid>
  </parameter>
  <parameter name="inputClockFrequency">
   <type>long</type>
   <value>0</value>
   <derived>false</derived>
   <enabled>true</enabled>
   <visible>false</visible>
   <valid>true</valid>
   <sysinfo_type>CLOCK_RATE</sysinfo_type>
   <sysinfo_arg>clk_in</sysinfo_arg>
  </parameter>
  <parameter name="resetSynchronousEdges">
   <type>com.altera.sopcmodel.reset.Reset$Edges</type>
   <value>NONE</value>
   <derived>false</derived>
   <enabled>true</enabled>
   <visible>true</visible>
   <valid>true</valid>
  </parameter>
  <parameter name="deviceFamily">
   <type>java.lang.String</type>
   <value>UNKNOWN</value>
   <derived>false</derived>
   <enabled>true</enabled>
   <visible>true</visible>
   <valid>true</valid>
  </parameter>
  <parameter name="generateLegacySim">
   <type>boolean</type>
   <value>false</value>
   <derived>false</derived>
   <enabled>true</enabled>
   <visible>true</visible>
   <valid>true</valid>
  </parameter>
  <interface name="clk_in" kind="clock_sink" version="24.1">
   <!-- The connection points exposed by a module instance for the
particular module parameters. Connection points and their
parameters are a RESULT of the module parameters. -->
   <assignment>
    <name>qsys.ui.export_name</name>
    <value>clk</value>
   </assignment>
   <parameter name="externallyDriven">
    <type>boolean</type>
    <value>false</value>
    <derived>false</derived>
    <enabled>true</enabled>
    <visible>false</visible>
    <valid>true</valid>
   </parameter>
   <parameter name="ptfSchematicName">
    <type>java.lang.String</type>
    <value></value>
    <derived>false</derived>
    <enabled>true</enabled>
    <visible>false</visible>
    <valid>true</valid>
   </parameter>
   <parameter name="deviceFamily">
    <type>java.lang.String</type>
    <value>UNKNOWN</value>
    <derived>false</derived>
    <enabled>true</enabled>
    <visible>true</visible>
    <valid>true</valid>
   </parameter>
   <parameter name="generateLegacySim">
    <type>boolean</type>
    <value>false</value>
    <derived>false</derived>
    <enabled>true</enabled>
    <visible>true</visible>
    <valid>true</valid>
   </parameter>
   <parameter name="clockRateKnown">
    <type>java.lang.Boolean</type>
    <value>true</value>
    <derived>true</derived>
    <enabled>true</enabled>
    <visible>false</visible>
    <valid>true</valid>
   </parameter>
   <parameter name="clockRate">
    <type>java.lang.Long</type>
    <value>50000000</value>
    <derived>true</derived>
    <enabled>true</enabled>
    <visible>false</visible>
    <valid>true</valid>
   </parameter>
   <type>clock</type>
   <isStart>false</isStart>
   <port>
    <name>in_clk</name>
    <direction>Input</direction>
    <width>1</width>
    <role>clk</role>
   </port>
  </interface>
  <interface name="clk_in_reset" kind="reset_sink" version="24.1">
   <!-- The connection points exposed by a module instance for the
particular module parameters. Connection points and their
parameters are a RESULT of the module parameters. -->
   <assignment>
    <name>qsys.ui.export_name</name>
    <value>reset</value>
   </assignment>
   <parameter name="associatedClock">
    <type>java.lang.String</type>
    <value></value>
    <derived>false</derived>
    <enabled>true</enabled>
    <visible>true</visible>
    <valid>true</valid>
   </parameter>
   <parameter name="synchronousEdges">
    <type>com.altera.sopcmodel.reset.Reset$Edges</type>
    <value>NONE</value>
    <derived>false</derived>
    <enabled>true</enabled>
    <visible>true</visible>
    <valid>true</valid>
   </parameter>
   <parameter name="deviceFamily">
    <type>java.lang.String</type>
    <value>UNKNOWN</value>
    <derived>false</derived>
    <enabled>true</enabled>
    <visible>true</visible>
    <valid>true</valid>
   </parameter>
   <parameter name="generateLegacySim">
    <type>boolean</type>
    <value>false</value>
    <derived>false</derived>
    <enabled>true</enabled>
    <visible>true</visible>
    <valid>true</valid>
   </parameter>
   <type>reset</type>
   <isStart>false</isStart>
   <port>
    <name>reset_n</name>
    <direction>Input</direction>
    <width>1</width>
    <role>reset_n</role>
   </port>
  </interface>
  <interface name="clk" kind="clock_source" version="24.1">
   <!-- The connection points exposed by a module instance for the
particular module parameters. Connection points and their
parameters are a RESULT of the module parameters. -->
   <parameter name="associatedDirectClock">
    <type>java.lang.String</type>
    <value>clk_in</value>
    <derived>false</derived>
    <enabled>true</enabled>
    <visible>true</visible>
    <valid>true</valid>
   </parameter>
   <parameter name="clockRate">
    <type>long</type>
    <value>50000000</value>
    <derived>false</derived>
    <enabled>true</enabled>
    <visible>true</visible>
    <valid>true</valid>
   </parameter>
   <parameter name="clockRateKnown">
    <type>boolean</type>
    <value>true</value>
    <derived>false</derived>
    <enabled>true</enabled>
    <visible>true</visible>
    <valid>true</valid>
   </parameter>
   <parameter name="externallyDriven">
    <type>boolean</type>
    <value>true</value>
    <derived>false</derived>
    <enabled>true</enabled>
    <visible>false</visible>
    <valid>true</valid>
   </parameter>
   <parameter name="ptfSchematicName">
    <type>java.lang.String</type>
    <value></value>
    <derived>false</derived>
    <enabled>true</enabled>
    <visible>false</visible>
    <valid>true</valid>
   </parameter>
   <parameter name="deviceFamily">
    <type>java.lang.String</type>
    <value>UNKNOWN</value>
    <derived>false</derived>
    <enabled>true</enabled>
    <visible>true</visible>
    <valid>true</valid>
   </parameter>
   <parameter name="generateLegacySim">
    <type>boolean</type>
    <value>false</value>
    <derived>false</derived>
    <enabled>true</enabled>
    <visible>true</visible>
    <valid>true</valid>
   </parameter>
   <type>clock</type>
   <isStart>true</isStart>
   <port>
    <name>clk_out</name>
    <direction>Output</direction>
    <width>1</width>
    <role>clk</role>
   </port>
  </interface>
  <interface name="clk_reset" kind="reset_source" version="24.1">
   <!-- The connection points exposed by a module instance for the
particular module parameters. Connection points and their
parameters are a RESULT of the module parameters. -->
   <parameter name="associatedClock">
    <type>java.lang.String</type>
    <value></value>
    <derived>false</derived>
    <enabled>true</enabled>
    <visible>true</visible>
    <valid>true</valid>
   </parameter>
   <parameter name="associatedDirectReset">
    <type>java.lang.String</type>
    <value>clk_in_reset</value>
    <derived>false</derived>
    <enabled>true</enabled>
    <visible>true</visible>
    <valid>true</valid>
   </parameter>
   <parameter name="associatedResetSinks">
    <type>[Ljava.lang.String;</type>
    <value>clk_in_reset</value>
    <derived>false</derived>
    <enabled>true</enabled>
    <visible>true</visible>
    <valid>true</valid>
   </parameter>
   <parameter name="synchronousEdges">
    <type>com.altera.sopcmodel.reset.Reset$Edges</type>
    <value>NONE</value>
    <derived>false</derived>
    <enabled>true</enabled>
    <visible>true</visible>
    <valid>true</valid>
   </parameter>
   <parameter name="deviceFamily">
    <type>java.lang.String</type>
    <value>UNKNOWN</value>
    <derived>false</derived>
    <enabled>true</enabled>
    <visible>true</visible>
    <valid>true</valid>
   </parameter>
   <parameter name="generateLegacySim">
    <type>boolean</type>
    <value>false</value>
    <derived>false</derived>
    <enabled>true</enabled>
    <visible>true</visible>
    <valid>true</valid>
   </parameter>
   <type>reset</type>
   <isStart>true</isStart>
   <port>
    <name>reset_n_out</name>
    <direction>Output</direction>
    <width>1</width>
    <role>reset_n</role>
   </port>
  </interface>
 </module>
 <module
   name="video_pll_0"
   kind="altera_up_avalon_video_pll"
   version="18.0"
   path="video_pll_0">
  <!-- Describes a single module. Module parameters are
the requested settings for a module instance. -->
  <parameter name="gui_refclk">
   <type>double</type>
   <value>50.0</value>
   <derived>false</derived>
   <enabled>true</enabled>
   <visible>true</visible>
   <valid>true</valid>
  </parameter>
  <parameter name="refclk">
   <type>double</type>
   <value>50.0</value>
   <derived>true</derived>
   <enabled>false</enabled>
   <visible>false</visible>
   <valid>true</valid>
  </parameter>
  <parameter name="video_in_clk_en">
   <type>boolean</type>
   <value>false</value>
   <derived>false</derived>
   <enabled>true</enabled>
   <visible>true</visible>
   <valid>true</valid>
  </parameter>
  <parameter name="camera">
   <type>java.lang.String</type>
   <value>5MP Digital Camera (THDB_D5M)</value>
   <derived>false</derived>
   <enabled>false</enabled>
   <visible>true</visible>
   <valid>true</valid>
  </parameter>
  <parameter name="vga_clk_en">
   <type>boolean</type>
   <value>true</value>
   <derived>false</derived>
   <enabled>true</enabled>
   <visible>true</visible>
   <valid>true</valid>
  </parameter>
  <parameter name="gui_resolution">
   <type>java.lang.String</type>
   <value>WXGA 1280x800</value>
   <derived>false</derived>
   <enabled>true</enabled>
   <visible>true</visible>
   <valid>true</valid>
  </parameter>
  <parameter name="resolution">
   <type>java.lang.String</type>
   <value>WXGA 1280x800</value>
   <derived>true</derived>
   <enabled>true</enabled>
   <visible>false</visible>
   <valid>true</valid>
  </parameter>
  <parameter name="lcd_clk_en">
   <type>boolean</type>
   <value>false</value>
   <derived>false</derived>
   <enabled>true</enabled>
   <visible>true</visible>
   <valid>true</valid>
  </parameter>
  <parameter name="lcd">
   <type>java.lang.String</type>
   <value>7" LCD on VEEK-MT and MTL/MTL2 Modules</value>
   <derived>false</derived>
   <enabled>false</enabled>
   <visible>true</visible>
   <valid>true</valid>
  </parameter>
  <parameter name="device_family">
   <type>java.lang.String</type>
   <value>CYCLONEV</value>
   <derived>false</derived>
   <enabled>true</enabled>
   <visible>false</visible>
   <valid>true</valid>
   <sysinfo_type>DEVICE_FAMILY</sysinfo_type>
  </parameter>
  <parameter name="AUTO_DEVICE">
   <type>java.lang.String</type>
   <value>5CSEMA5F31C6</value>
   <derived>false</derived>
   <enabled>true</enabled>
   <visible>false</visible>
   <valid>true</valid>
   <sysinfo_type>DEVICE</sysinfo_type>
  </parameter>
  <parameter name="AUTO_DEVICE_SPEEDGRADE">
   <type>java.lang.String</type>
   <value>6</value>
   <derived>false</derived>
   <enabled>true</enabled>
   <visible>false</visible>
   <valid>true</valid>
   <sysinfo_type>DEVICE_SPEEDGRADE</sysinfo_type>
  </parameter>
  <parameter name="deviceFamily">
   <type>java.lang.String</type>
   <value>UNKNOWN</value>
   <derived>false</derived>
   <enabled>true</enabled>
   <visible>true</visible>
   <valid>true</valid>
  </parameter>
  <parameter name="generateLegacySim">
   <type>boolean</type>
   <value>false</value>
   <derived>false</derived>
   <enabled>true</enabled>
   <visible>true</visible>
   <valid>true</valid>
  </parameter>
  <interface name="ref_clk" kind="clock_sink" version="24.1">
   <!-- The connection points exposed by a module instance for the
particular module parameters. Connection points and their
parameters are a RESULT of the module parameters. -->
   <parameter name="externallyDriven">
    <type>boolean</type>
    <value>false</value>
    <derived>false</derived>
    <enabled>true</enabled>
    <visible>false</visible>
    <valid>true</valid>
   </parameter>
   <parameter name="ptfSchematicName">
    <type>java.lang.String</type>
    <value></value>
    <derived>false</derived>
    <enabled>true</enabled>
    <visible>false</visible>
    <valid>true</valid>
   </parameter>
   <parameter name="deviceFamily">
    <type>java.lang.String</type>
    <value>UNKNOWN</value>
    <derived>false</derived>
    <enabled>true</enabled>
    <visible>true</visible>
    <valid>true</valid>
   </parameter>
   <parameter name="generateLegacySim">
    <type>boolean</type>
    <value>false</value>
    <derived>false</derived>
    <enabled>true</enabled>
    <visible>true</visible>
    <valid>true</valid>
   </parameter>
   <type>clock</type>
   <isStart>false</isStart>
   <port>
    <name>ref_clk_clk</name>
    <direction>Input</direction>
    <width>1</width>
    <role>clk</role>
   </port>
  </interface>
  <interface name="ref_reset" kind="reset_sink" version="24.1">
   <!-- The connection points exposed by a module instance for the
particular module parameters. Connection points and their
parameters are a RESULT of the module parameters. -->
   <parameter name="associatedClock">
    <type>java.lang.String</type>
    <value></value>
    <derived>false</derived>
    <enabled>true</enabled>
    <visible>true</visible>
    <valid>true</valid>
   </parameter>
   <parameter name="synchronousEdges">
    <type>com.altera.sopcmodel.reset.Reset$Edges</type>
    <value>NONE</value>
    <derived>false</derived>
    <enabled>true</enabled>
    <visible>true</visible>
    <valid>true</valid>
   </parameter>
   <parameter name="deviceFamily">
    <type>java.lang.String</type>
    <value>UNKNOWN</value>
    <derived>false</derived>
    <enabled>true</enabled>
    <visible>true</visible>
    <valid>true</valid>
   </parameter>
   <parameter name="generateLegacySim">
    <type>boolean</type>
    <value>false</value>
    <derived>false</derived>
    <enabled>true</enabled>
    <visible>true</visible>
    <valid>true</valid>
   </parameter>
   <type>reset</type>
   <isStart>false</isStart>
   <port>
    <name>ref_reset_reset</name>
    <direction>Input</direction>
    <width>1</width>
    <role>reset</role>
   </port>
  </interface>
  <interface name="vga_clk" kind="clock_source" version="24.1">
   <!-- The connection points exposed by a module instance for the
particular module parameters. Connection points and their
parameters are a RESULT of the module parameters. -->
   <parameter name="associatedDirectClock">
    <type>java.lang.String</type>
    <value></value>
    <derived>false</derived>
    <enabled>true</enabled>
    <visible>true</visible>
    <valid>true</valid>
   </parameter>
   <parameter name="clockRate">
    <type>long</type>
    <value>83333333</value>
    <derived>false</derived>
    <enabled>true</enabled>
    <visible>true</visible>
    <valid>true</valid>
   </parameter>
   <parameter name="clockRateKnown">
    <type>boolean</type>
    <value>true</value>
    <derived>false</derived>
    <enabled>true</enabled>
    <visible>true</visible>
    <valid>true</valid>
   </parameter>
   <parameter name="externallyDriven">
    <type>boolean</type>
    <value>false</value>
    <derived>false</derived>
    <enabled>true</enabled>
    <visible>false</visible>
    <valid>true</valid>
   </parameter>
   <parameter name="ptfSchematicName">
    <type>java.lang.String</type>
    <value></value>
    <derived>false</derived>
    <enabled>true</enabled>
    <visible>false</visible>
    <valid>true</valid>
   </parameter>
   <parameter name="deviceFamily">
    <type>java.lang.String</type>
    <value>UNKNOWN</value>
    <derived>false</derived>
    <enabled>true</enabled>
    <visible>true</visible>
    <valid>true</valid>
   </parameter>
   <parameter name="generateLegacySim">
    <type>boolean</type>
    <value>false</value>
    <derived>false</derived>
    <enabled>true</enabled>
    <visible>true</visible>
    <valid>true</valid>
   </parameter>
   <type>clock</type>
   <isStart>true</isStart>
   <port>
    <name>vga_clk_clk</name>
    <direction>Output</direction>
    <width>1</width>
    <role>clk</role>
   </port>
  </interface>
  <interface name="reset_source" kind="reset_source" version="24.1">
   <!-- The connection points exposed by a module instance for the
particular module parameters. Connection points and their
parameters are a RESULT of the module parameters. -->
   <parameter name="associatedClock">
    <type>java.lang.String</type>
    <value></value>
    <derived>false</derived>
    <enabled>true</enabled>
    <visible>true</visible>
    <valid>true</valid>
   </parameter>
   <parameter name="associatedDirectReset">
    <type>java.lang.String</type>
    <value></value>
    <derived>false</derived>
    <enabled>true</enabled>
    <visible>true</visible>
    <valid>true</valid>
   </parameter>
   <parameter name="associatedResetSinks">
    <type>[Ljava.lang.String;</type>
    <value>none</value>
    <derived>false</derived>
    <enabled>true</enabled>
    <visible>true</visible>
    <valid>true</valid>
   </parameter>
   <parameter name="synchronousEdges">
    <type>com.altera.sopcmodel.reset.Reset$Edges</type>
    <value>NONE</value>
    <derived>false</derived>
    <enabled>true</enabled>
    <visible>true</visible>
    <valid>true</valid>
   </parameter>
   <parameter name="deviceFamily">
    <type>java.lang.String</type>
    <value>UNKNOWN</value>
    <derived>false</derived>
    <enabled>true</enabled>
    <visible>true</visible>
    <valid>true</valid>
   </parameter>
   <parameter name="generateLegacySim">
    <type>boolean</type>
    <value>false</value>
    <derived>false</derived>
    <enabled>true</enabled>
    <visible>true</visible>
    <valid>true</valid>
   </parameter>
   <type>reset</type>
   <isStart>true</isStart>
   <port>
    <name>reset_source_reset</name>
    <direction>Output</direction>
    <width>1</width>
    <role>reset</role>
   </port>
  </interface>
 </module>
 <plugin>
  <instanceCount>1</instanceCount>
  <name>clock_source</name>
  <type>com.altera.entityinterfaces.IElementClass</type>
  <subtype>com.altera.entityinterfaces.IModule</subtype>
  <displayName>Clock Source</displayName>
  <version>24.1</version>
 </plugin>
 <plugin>
  <instanceCount>1</instanceCount>
  <name>clock_sink</name>
  <type>com.altera.entityinterfaces.IElementClass</type>
  <subtype>com.altera.entityinterfaces.IMutableConnectionPoint</subtype>
  <displayName>Clock Input</displayName>
  <version>24.1</version>
 </plugin>
 <plugin>
  <instanceCount>1</instanceCount>
  <name>reset_sink</name>
  <type>com.altera.entityinterfaces.IElementClass</type>
  <subtype>com.altera.entityinterfaces.IMutableConnectionPoint</subtype>
  <displayName>Reset Input</displayName>
  <version>24.1</version>
 </plugin>
 <plugin>
  <instanceCount>1</instanceCount>
  <name>clock_source</name>
  <type>com.altera.entityinterfaces.IElementClass</type>
  <subtype>com.altera.entityinterfaces.IMutableConnectionPoint</subtype>
  <displayName>Clock Output</displayName>
  <version>24.1</version>
 </plugin>
 <plugin>
  <instanceCount>1</instanceCount>
  <name>reset_source</name>
  <type>com.altera.entityinterfaces.IElementClass</type>
  <subtype>com.altera.entityinterfaces.IMutableConnectionPoint</subtype>
  <displayName>Reset Output</displayName>
  <version>24.1</version>
 </plugin>
 <plugin>
  <instanceCount>1</instanceCount>
  <name>altera_up_avalon_video_pll</name>
  <type>com.altera.entityinterfaces.IElementClass</type>
  <subtype>com.altera.entityinterfaces.IModule</subtype>
  <displayName>Video Clocks for DE-series Boards</displayName>
  <version>18.0</version>
 </plugin>
 <plugin>
  <instanceCount>1</instanceCount>
  <name>clock_sink</name>
  <type>com.altera.entityinterfaces.IElementClass</type>
  <subtype>com.altera.entityinterfaces.IMutableConnectionPoint</subtype>
  <displayName>Clock Input</displayName>
  <version>24.1</version>
 </plugin>
 <plugin>
  <instanceCount>1</instanceCount>
  <name>reset_sink</name>
  <type>com.altera.entityinterfaces.IElementClass</type>
  <subtype>com.altera.entityinterfaces.IMutableConnectionPoint</subtype>
  <displayName>Reset Input</displayName>
  <version>24.1</version>
 </plugin>
 <plugin>
  <instanceCount>1</instanceCount>
  <name>clock_source</name>
  <type>com.altera.entityinterfaces.IElementClass</type>
  <subtype>com.altera.entityinterfaces.IMutableConnectionPoint</subtype>
  <displayName>Clock Output</displayName>
  <version>24.1</version>
 </plugin>
 <plugin>
  <instanceCount>1</instanceCount>
  <name>reset_source</name>
  <type>com.altera.entityinterfaces.IElementClass</type>
  <subtype>com.altera.entityinterfaces.IMutableConnectionPoint</subtype>
  <displayName>Reset Output</displayName>
  <version>24.1</version>
 </plugin>
 <reportVersion>24.1 1077</reportVersion>
 <uniqueIdentifier></uniqueIdentifier>
</EnsembleReport>
