{
	"partitions" : [
		{
			"name" : "Top",
			"pins" : [
				{
					"name" : "display[0]",
					"strict" : false
				},
				{
					"name" : "display[1]",
					"strict" : false
				},
				{
					"name" : "display[2]",
					"strict" : false
				},
				{
					"name" : "display[3]",
					"strict" : false
				},
				{
					"name" : "display[4]",
					"strict" : false
				},
				{
					"name" : "display[5]",
					"strict" : false
				},
				{
					"name" : "display[6]",
					"strict" : false
				},
				{
					"name" : "display1[0]",
					"strict" : false
				},
				{
					"name" : "display1[1]",
					"strict" : false
				},
				{
					"name" : "display1[2]",
					"strict" : false
				},
				{
					"name" : "display1[3]",
					"strict" : false
				},
				{
					"name" : "display1[4]",
					"strict" : false
				},
				{
					"name" : "display1[5]",
					"strict" : false
				},
				{
					"name" : "display1[6]",
					"strict" : false
				},
				{
					"name" : "display2[0]",
					"strict" : false
				},
				{
					"name" : "display2[1]",
					"strict" : false
				},
				{
					"name" : "display2[2]",
					"strict" : false
				},
				{
					"name" : "display2[3]",
					"strict" : false
				},
				{
					"name" : "display2[4]",
					"strict" : false
				},
				{
					"name" : "display2[5]",
					"strict" : false
				},
				{
					"name" : "display2[6]",
					"strict" : false
				},
				{
					"name" : "display3[0]",
					"strict" : false
				},
				{
					"name" : "display3[1]",
					"strict" : false
				},
				{
					"name" : "display3[2]",
					"strict" : false
				},
				{
					"name" : "display3[3]",
					"strict" : false
				},
				{
					"name" : "display3[4]",
					"strict" : false
				},
				{
					"name" : "display3[5]",
					"strict" : false
				},
				{
					"name" : "display3[6]",
					"strict" : false
				},
				{
					"name" : "display4[0]",
					"strict" : false
				},
				{
					"name" : "display4[1]",
					"strict" : false
				},
				{
					"name" : "display4[2]",
					"strict" : false
				},
				{
					"name" : "display4[3]",
					"strict" : false
				},
				{
					"name" : "display4[4]",
					"strict" : false
				},
				{
					"name" : "display4[5]",
					"strict" : false
				},
				{
					"name" : "display4[6]",
					"strict" : false
				},
				{
					"name" : "display5[0]",
					"strict" : false
				},
				{
					"name" : "display5[1]",
					"strict" : false
				},
				{
					"name" : "display5[2]",
					"strict" : false
				},
				{
					"name" : "display5[3]",
					"strict" : false
				},
				{
					"name" : "display5[4]",
					"strict" : false
				},
				{
					"name" : "display5[5]",
					"strict" : false
				},
				{
					"name" : "display5[6]",
					"strict" : false
				},
				{
					"name" : "leds[0]",
					"strict" : false
				},
				{
					"name" : "leds[1]",
					"strict" : false
				},
				{
					"name" : "leds[2]",
					"strict" : false
				},
				{
					"name" : "leds[3]",
					"strict" : false
				},
				{
					"name" : "leds[4]",
					"strict" : false
				},
				{
					"name" : "leds[5]",
					"strict" : false
				},
				{
					"name" : "leds[6]",
					"strict" : false
				},
				{
					"name" : "leds[7]",
					"strict" : false
				},
				{
					"name" : "leds[8]",
					"strict" : false
				},
				{
					"name" : "leds[9]",
					"strict" : false
				},
				{
					"name" : "switches[0]",
					"strict" : false
				},
				{
					"name" : "switches[1]",
					"strict" : false
				},
				{
					"name" : "clk",
					"strict" : false
				},
				{
					"name" : "rst_n",
					"strict" : false
				}
			]
		}
	]
}